{
  "hoboken": [
    4.3617847,
    51.1794946
  ],
  "langelille": [
    5.8451206,
    52.8421221
  ],
  "bunnik": [
    5.2203198,
    52.0391518
  ],
  "asse": [
    4.2015646,
    50.9094333
  ],
  "ternat": [
    4.1756966,
    50.8713392
  ],
  "heesch": [
    5.5266331,
    51.73519
  ],
  "kampen": [
    5.9033303,
    52.5559484
  ],
  "zwijndrecht": [
    4.6405166,
    51.8162227
  ],
  "wergea": [
    5.8448045,
    53.1516566
  ],
  "saint-gilles": [
    4.3454841,
    50.8249958
  ],
  "dronten": [
    5.7160381,
    52.5236608
  ],
  "breukelen": [
    5.002675,
    52.171959
  ],
  "baarle-nassau": [
    4.8730747,
    51.4374696
  ],
  "bunschoten-spakenburg": [
    5.3731599,
    52.2452013
  ],
  "lille": [
    4.8242404,
    51.238218
  ],
  "joure": [
    5.8026709,
    52.9644286
  ],
  "antwerpen": [
    4.3997081,
    51.2211097
  ],
  "ranst": [
    4.5633,
    51.1897015
  ],
  "werkendam": [
    4.8987346,
    51.8079227
  ],
  "sloten": [
    4.7977487,
    52.3417672
  ],
  "lekkerkerk": [
    4.6832671,
    51.8969648
  ],
  "echteld": [
    5.4912332,
    51.9068193
  ],
  "pijnacker": [
    4.434186,
    52.0200581
  ],
  "amsterdam---oostzaan": [
    4.8880524,
    52.4127965
  ],
  "wateringen": [
    4.2745855,
    52.0235098
  ],
  "waddinxveen": [
    4.6558527,
    52.0443308
  ],
  "zwaanshoek": [
    4.6188179,
    52.3114013
  ],
  "raalte": [
    6.3078482,
    52.3874327
  ],
  "bleiswijk": [
    4.5310837,
    52.0109579
  ],
  "zeewolde": [
    5.4580775,
    52.3451194
  ],
  "heeze": [
    5.5715902,
    51.3832098
  ],
  "maassluis": [
    4.2440007,
    51.9266671
  ],
  "brighton-and-hove": null,
  "duivendrecht": [
    4.9365271,
    52.3234795
  ],
  "gent": [
    3.7250121,
    51.0538286
  ],
  "capelle-aan-den-ijssel": [
    4.5883596,
    51.9312552
  ],
  "zaventem": [
    4.4730008,
    50.8806207
  ],
  "oosterzele": [
    3.7941019,
    50.936145
  ],
  "schinnen": [
    5.8861938,
    50.9425257
  ],
  "sint-niklaas": [
    4.1395124,
    51.1646685
  ],
  "berkel-en-rodenrijs": [
    4.4739077,
    51.9914412
  ],
  "opwijk": [
    4.1896665,
    50.9690529
  ],
  "bergschenhoek": [
    4.5016775,
    51.98934
  ],
  "zandvoort": [
    4.5302209,
    52.3719838
  ],
  "klundert": [
    4.5346644,
    51.6627188
  ],
  "lint": [
    4.4922187,
    51.1268305
  ],
  "ankeveen": [
    5.0994507,
    52.2669507
  ],
  "schelle": [
    4.3361875,
    51.1245635
  ]
}